shop_id,month,gmv_index,is_distressed
SHOP000000,1,53.3,1
SHOP000000,2,50.4,1
SHOP000000,3,45.2,1
SHOP000000,4,52.2,1
SHOP000000,5,47.4,1
SHOP000000,6,46.0,1
SHOP000000,7,41.2,1
SHOP000000,8,45.3,1
SHOP000000,9,42.5,1
SHOP000000,10,37.4,1
SHOP000000,11,34.1,1
SHOP000000,12,32.8,1
SHOP000001,1,50.0,0
SHOP000001,2,56.8,0
SHOP000001,3,57.2,0
SHOP000001,4,60.5,0
SHOP000001,5,69.4,0
SHOP000001,6,65.8,0
SHOP000001,7,66.5,0
SHOP000001,8,75.5,0
SHOP000001,9,71.4,0
SHOP000001,10,81.7,0
SHOP000001,11,87.0,0
SHOP000001,12,87.5,0
SHOP000002,1,57.9,0
SHOP000002,2,58.6,0
SHOP000002,3,55.0,0
SHOP000002,4,65.4,0
SHOP000002,5,57.1,0
SHOP000002,6,56.9,0
SHOP000002,7,57.7,0
SHOP000002,8,64.3,0
SHOP000002,9,66.4,0
SHOP000002,10,67.9,0
SHOP000002,11,66.7,0
SHOP000002,12,66.4,0
SHOP000003,1,60.4,0
SHOP000003,2,70.6,0
SHOP000003,3,69.2,0
SHOP000003,4,72.4,0
SHOP000003,5,75.1,0
SHOP000003,6,73.8,0
SHOP000003,7,76.3,0
SHOP000003,8,82.1,0
SHOP000003,9,80.6,0
SHOP000003,10,85.8,0
SHOP000003,11,86.8,0
SHOP000003,12,85.8,0
SHOP000004,1,65.3,0
SHOP000004,2,66.8,0
SHOP000004,3,72.3,0
SHOP000004,4,67.0,0
SHOP000004,5,70.7,0
SHOP000004,6,73.9,0
SHOP000004,7,76.6,0
SHOP000004,8,80.6,0
SHOP000004,9,80.9,0
SHOP000004,10,81.9,0
SHOP000004,11,86.8,0
SHOP000004,12,91.9,0
SHOP000005,1,43.8,1
SHOP000005,2,39.2,1
SHOP000005,3,40.6,1
SHOP000005,4,32.7,1
SHOP000005,5,28.1,1
SHOP000005,6,31.1,1
SHOP000005,7,17.6,1
SHOP000005,8,21.9,1
SHOP000005,9,27.8,1
SHOP000005,10,18.2,1
SHOP000005,11,16.6,1
SHOP000005,12,10.0,1
SHOP000006,1,63.4,0
SHOP000006,2,57.9,0
SHOP000006,3,55.7,0
SHOP000006,4,68.3,0
SHOP000006,5,74.8,0
SHOP000006,6,71.1,0
SHOP000006,7,70.7,0
SHOP000006,8,76.1,0
SHOP000006,9,83.6,0
SHOP000006,10,83.7,0
SHOP000006,11,88.6,0
SHOP000006,12,84.4,0
SHOP000007,1,54.0,0
SHOP000007,2,55.7,0
SHOP000007,3,66.0,0
SHOP000007,4,69.8,0
SHOP000007,5,69.4,0
SHOP000007,6,72.5,0
SHOP000007,7,82.6,0
SHOP000007,8,81.1,0
SHOP000007,9,86.2,0
SHOP000007,10,96.1,0
SHOP000007,11,95.3,0
SHOP000007,12,97.2,0
SHOP000008,1,42.2,0
SHOP000008,2,43.8,0
SHOP000008,3,51.7,0
SHOP000008,4,48.3,0
SHOP000008,5,50.6,0
SHOP000008,6,56.2,0
SHOP000008,7,61.7,0
SHOP000008,8,60.5,0
SHOP000008,9,64.7,0
SHOP000008,10,68.9,0
SHOP000008,11,74.5,0
SHOP000008,12,75.7,0
SHOP000009,1,64.1,0
SHOP000009,2,62.0,0
SHOP000009,3,66.1,0
SHOP000009,4,71.5,0
SHOP000009,5,66.3,0
SHOP000009,6,68.0,0
SHOP000009,7,70.9,0
SHOP000009,8,65.3,0
SHOP000009,9,72.2,0
SHOP000009,10,73.5,0
SHOP000009,11,71.6,0
SHOP000009,12,74.9,0
SHOP000010,1,47.6,1
SHOP000010,2,51.1,1
SHOP000010,3,50.0,1
SHOP000010,4,38.8,1
SHOP000010,5,38.9,1
SHOP000010,6,30.7,1
SHOP000010,7,29.4,1
SHOP000010,8,25.9,1
SHOP000010,9,20.5,1
SHOP000010,10,20.3,1
SHOP000010,11,20.0,1
SHOP000010,12,15.3,1
SHOP000011,1,55.1,0
SHOP000011,2,64.4,0
SHOP000011,3,59.7,0
SHOP000011,4,77.2,0
SHOP000011,5,72.1,0
SHOP000011,6,73.7,0
SHOP000011,7,78.5,0
SHOP000011,8,89.1,0
SHOP000011,9,93.5,0
SHOP000011,10,97.8,0
SHOP000011,11,101.7,0
SHOP000011,12,101.1,0
SHOP000012,1,51.2,0
SHOP000012,2,56.7,0
SHOP000012,3,49.9,0
SHOP000012,4,63.5,0
SHOP000012,5,61.0,0
SHOP000012,6,54.5,0
SHOP000012,7,61.0,0
SHOP000012,8,61.3,0
SHOP000012,9,60.0,0
SHOP000012,10,63.0,0
SHOP000012,11,61.3,0
SHOP000012,12,62.8,0
SHOP000013,1,63.5,0
SHOP000013,2,67.2,0
SHOP000013,3,72.7,0
SHOP000013,4,75.8,0
SHOP000013,5,73.5,0
SHOP000013,6,78.4,0
SHOP000013,7,88.7,0
SHOP000013,8,92.7,0
SHOP000013,9,93.3,0
SHOP000013,10,94.4,0
SHOP000013,11,101.3,0
SHOP000013,12,104.5,0
SHOP000014,1,41.7,0
SHOP000014,2,47.7,0
SHOP000014,3,52.5,0
SHOP000014,4,60.8,0
SHOP000014,5,52.6,0
SHOP000014,6,61.1,0
SHOP000014,7,67.5,0
SHOP000014,8,70.7,0
SHOP000014,9,74.5,0
SHOP000014,10,72.3,0
SHOP000014,11,78.1,0
SHOP000014,12,80.4,0
SHOP000015,1,62.8,1
SHOP000015,2,60.6,1
SHOP000015,3,53.3,1
SHOP000015,4,56.1,1
SHOP000015,5,48.5,1
SHOP000015,6,49.6,1
SHOP000015,7,44.1,1
SHOP000015,8,47.2,1
SHOP000015,9,41.0,1
SHOP000015,10,43.9,1
SHOP000015,11,28.7,1
SHOP000015,12,36.7,1
SHOP000016,1,72.0,0
SHOP000016,2,64.6,0
SHOP000016,3,73.0,0
SHOP000016,4,79.6,0
SHOP000016,5,81.2,0
SHOP000016,6,81.7,0
SHOP000016,7,88.3,0
SHOP000016,8,88.6,0
SHOP000016,9,92.3,0
SHOP000016,10,94.8,0
SHOP000016,11,103.5,0
SHOP000016,12,104.7,0
SHOP000017,1,74.7,0
SHOP000017,2,85.6,0
SHOP000017,3,84.0,0
SHOP000017,4,90.5,0
SHOP000017,5,95.8,0
SHOP000017,6,96.1,0
SHOP000017,7,101.9,0
SHOP000017,8,105.5,0
SHOP000017,9,112.0,0
SHOP000017,10,115.4,0
SHOP000017,11,119.3,0
SHOP000017,12,128.8,0
SHOP000018,1,66.3,0
SHOP000018,2,72.2,0
SHOP000018,3,74.4,0
SHOP000018,4,70.7,0
SHOP000018,5,79.1,0
SHOP000018,6,83.5,0
SHOP000018,7,87.7,0
SHOP000018,8,88.0,0
SHOP000018,9,92.3,0
SHOP000018,10,93.0,0
SHOP000018,11,98.2,0
SHOP000018,12,99.4,0
SHOP000019,1,65.1,0
SHOP000019,2,71.4,0
SHOP000019,3,73.6,0
SHOP000019,4,73.9,0
SHOP000019,5,79.7,0
SHOP000019,6,79.4,0
SHOP000019,7,85.5,0
SHOP000019,8,86.6,0
SHOP000019,9,90.0,0
SHOP000019,10,90.9,0
SHOP000019,11,92.7,0
SHOP000019,12,98.1,0
SHOP000020,1,39.8,1
SHOP000020,2,46.2,1
SHOP000020,3,40.8,1
SHOP000020,4,37.3,1
SHOP000020,5,34.5,1
SHOP000020,6,36.7,1
SHOP000020,7,35.3,1
SHOP000020,8,34.0,1
SHOP000020,9,34.0,1
SHOP000020,10,30.6,1
SHOP000020,11,32.5,1
SHOP000020,12,25.5,1
SHOP000021,1,54.9,0
SHOP000021,2,61.1,0
SHOP000021,3,69.4,0
SHOP000021,4,69.0,0
SHOP000021,5,71.1,0
SHOP000021,6,79.7,0
SHOP000021,7,76.7,0
SHOP000021,8,82.9,0
SHOP000021,9,90.9,0
SHOP000021,10,89.3,0
SHOP000021,11,96.2,0
SHOP000021,12,99.0,0
SHOP000022,1,67.7,0
SHOP000022,2,70.1,0
SHOP000022,3,74.0,0
SHOP000022,4,76.3,0
SHOP000022,5,77.7,0
SHOP000022,6,82.5,0
SHOP000022,7,82.0,0
SHOP000022,8,77.9,0
SHOP000022,9,79.2,0
SHOP000022,10,83.7,0
SHOP000022,11,85.5,0
SHOP000022,12,87.6,0
SHOP000023,1,69.3,0
SHOP000023,2,72.0,0
SHOP000023,3,71.2,0
SHOP000023,4,72.1,0
SHOP000023,5,80.1,0
SHOP000023,6,76.3,0
SHOP000023,7,82.8,0
SHOP000023,8,84.8,0
SHOP000023,9,90.4,0
SHOP000023,10,90.2,0
SHOP000023,11,91.7,0
SHOP000023,12,97.4,0
SHOP000024,1,56.1,0
SHOP000024,2,59.6,0
SHOP000024,3,58.8,0
SHOP000024,4,67.0,0
SHOP000024,5,67.7,0
SHOP000024,6,76.1,0
SHOP000024,7,85.4,0
SHOP000024,8,81.4,0
SHOP000024,9,88.6,0
SHOP000024,10,92.6,0
SHOP000024,11,89.9,0
SHOP000024,12,99.2,0
SHOP000025,1,51.9,1
SHOP000025,2,44.7,1
SHOP000025,3,41.8,1
SHOP000025,4,42.6,1
SHOP000025,5,41.1,1
SHOP000025,6,34.4,1
SHOP000025,7,33.2,1
SHOP000025,8,23.9,1
SHOP000025,9,24.8,1
SHOP000025,10,23.4,1
SHOP000025,11,16.5,1
SHOP000025,12,17.9,1
SHOP000026,1,64.3,0
SHOP000026,2,68.0,0
SHOP000026,3,64.1,0
SHOP000026,4,69.2,0
SHOP000026,5,76.3,0
SHOP000026,6,77.3,0
SHOP000026,7,87.6,0
SHOP000026,8,88.5,0
SHOP000026,9,86.2,0
SHOP000026,10,89.8,0
SHOP000026,11,91.8,0
SHOP000026,12,100.2,0
SHOP000027,1,48.9,0
SHOP000027,2,57.9,0
SHOP000027,3,55.5,0
SHOP000027,4,57.5,0
SHOP000027,5,57.1,0
SHOP000027,6,66.5,0
SHOP000027,7,68.5,0
SHOP000027,8,72.5,0
SHOP000027,9,77.2,0
SHOP000027,10,76.0,0
SHOP000027,11,76.9,0
SHOP000027,12,75.6,0
SHOP000028,1,60.2,0
SHOP000028,2,57.1,0
SHOP000028,3,70.2,0
SHOP000028,4,71.9,0
SHOP000028,5,72.5,0
SHOP000028,6,76.3,0
SHOP000028,7,75.0,0
SHOP000028,8,85.3,0
SHOP000028,9,86.8,0
SHOP000028,10,88.0,0
SHOP000028,11,100.9,0
SHOP000028,12,103.1,0
SHOP000029,1,60.2,0
SHOP000029,2,67.1,0
SHOP000029,3,71.7,0
SHOP000029,4,73.2,0
SHOP000029,5,76.6,0
SHOP000029,6,80.4,0
SHOP000029,7,79.6,0
SHOP000029,8,88.7,0
SHOP000029,9,92.4,0
SHOP000029,10,91.3,0
SHOP000029,11,93.7,0
SHOP000029,12,105.3,0
SHOP000030,1,58.9,1
SHOP000030,2,51.2,1
SHOP000030,3,46.6,1
SHOP000030,4,42.4,1
SHOP000030,5,39.7,1
SHOP000030,6,34.2,1
SHOP000030,7,25.8,1
SHOP000030,8,21.5,1
SHOP000030,9,13.7,1
SHOP000030,10,14.7,1
SHOP000030,11,10.8,1
SHOP000030,12,7.7,1
SHOP000031,1,64.9,0
SHOP000031,2,75.9,0
SHOP000031,3,70.0,0
SHOP000031,4,72.0,0
SHOP000031,5,78.0,0
SHOP000031,6,83.2,0
SHOP000031,7,90.0,0
SHOP000031,8,87.8,0
SHOP000031,9,87.7,0
SHOP000031,10,98.0,0
SHOP000031,11,97.8,0
SHOP000031,12,99.2,0
SHOP000032,1,45.7,0
SHOP000032,2,58.8,0
SHOP000032,3,57.2,0
SHOP000032,4,61.2,0
SHOP000032,5,67.5,0
SHOP000032,6,65.4,0
SHOP000032,7,71.2,0
SHOP000032,8,74.1,0
SHOP000032,9,79.1,0
SHOP000032,10,88.3,0
SHOP000032,11,81.0,0
SHOP000032,12,87.5,0
SHOP000033,1,79.0,0
SHOP000033,2,76.7,0
SHOP000033,3,81.9,0
SHOP000033,4,82.8,0
SHOP000033,5,84.3,0
SHOP000033,6,83.0,0
SHOP000033,7,87.5,0
SHOP000033,8,92.3,0
SHOP000033,9,91.4,0
SHOP000033,10,91.6,0
SHOP000033,11,94.2,0
SHOP000033,12,103.7,0
SHOP000034,1,70.2,0
SHOP000034,2,76.4,0
SHOP000034,3,76.1,0
SHOP000034,4,77.9,0
SHOP000034,5,82.0,0
SHOP000034,6,79.3,0
SHOP000034,7,83.1,0
SHOP000034,8,89.9,0
SHOP000034,9,90.7,0
SHOP000034,10,94.0,0
SHOP000034,11,95.3,0
SHOP000034,12,93.7,0
SHOP000035,1,58.6,1
SHOP000035,2,58.0,1
SHOP000035,3,51.7,1
SHOP000035,4,52.4,1
SHOP000035,5,50.5,1
SHOP000035,6,49.1,1
SHOP000035,7,47.4,1
SHOP000035,8,49.8,1
SHOP000035,9,48.3,1
SHOP000035,10,47.9,1
SHOP000035,11,49.5,1
SHOP000035,12,43.3,1
SHOP000036,1,57.3,0
SHOP000036,2,62.3,0
SHOP000036,3,70.3,0
SHOP000036,4,71.0,0
SHOP000036,5,75.5,0
SHOP000036,6,74.8,0
SHOP000036,7,83.3,0
SHOP000036,8,84.9,0
SHOP000036,9,89.8,0
SHOP000036,10,93.2,0
SHOP000036,11,91.1,0
SHOP000036,12,102.6,0
SHOP000037,1,46.4,0
SHOP000037,2,53.8,0
SHOP000037,3,53.9,0
SHOP000037,4,59.4,0
SHOP000037,5,60.0,0
SHOP000037,6,62.2,0
SHOP000037,7,62.8,0
SHOP000037,8,66.7,0
SHOP000037,9,71.1,0
SHOP000037,10,74.7,0
SHOP000037,11,74.9,0
SHOP000037,12,83.9,0
SHOP000038,1,64.0,0
SHOP000038,2,56.6,0
SHOP000038,3,64.9,0
SHOP000038,4,64.2,0
SHOP000038,5,72.6,0
SHOP000038,6,72.5,0
SHOP000038,7,68.6,0
SHOP000038,8,77.2,0
SHOP000038,9,70.2,0
SHOP000038,10,80.9,0
SHOP000038,11,80.3,0
SHOP000038,12,79.8,0
SHOP000039,1,67.5,0
SHOP000039,2,71.7,0
SHOP000039,3,76.0,0
SHOP000039,4,77.7,0
SHOP000039,5,84.5,0
SHOP000039,6,81.2,0
SHOP000039,7,80.6,0
SHOP000039,8,96.1,0
SHOP000039,9,99.9,0
SHOP000039,10,100.7,0
SHOP000039,11,103.4,0
SHOP000039,12,114.6,0
SHOP000040,1,44.8,1
SHOP000040,2,46.9,1
SHOP000040,3,34.7,1
SHOP000040,4,37.5,1
SHOP000040,5,32.8,1
SHOP000040,6,31.3,1
SHOP000040,7,30.5,1
SHOP000040,8,23.8,1
SHOP000040,9,21.3,1
SHOP000040,10,13.3,1
SHOP000040,11,14.0,1
SHOP000040,12,9.3,1
SHOP000041,1,58.5,0
SHOP000041,2,63.2,0
SHOP000041,3,63.0,0
SHOP000041,4,65.3,0
SHOP000041,5,63.9,0
SHOP000041,6,74.4,0
SHOP000041,7,77.6,0
SHOP000041,8,80.4,0
SHOP000041,9,81.8,0
SHOP000041,10,89.6,0
SHOP000041,11,87.2,0
SHOP000041,12,97.7,0
SHOP000042,1,53.8,0
SHOP000042,2,57.1,0
SHOP000042,3,60.8,0
SHOP000042,4,67.7,0
SHOP000042,5,64.8,0
SHOP000042,6,68.9,0
SHOP000042,7,71.9,0
SHOP000042,8,72.8,0
SHOP000042,9,79.6,0
SHOP000042,10,75.2,0
SHOP000042,11,76.7,0
SHOP000042,12,77.3,0
SHOP000043,1,55.6,0
SHOP000043,2,52.7,0
SHOP000043,3,57.8,0
SHOP000043,4,58.0,0
SHOP000043,5,54.4,0
SHOP000043,6,65.4,0
SHOP000043,7,57.9,0
SHOP000043,8,58.7,0
SHOP000043,9,61.1,0
SHOP000043,10,64.9,0
SHOP000043,11,61.3,0
SHOP000043,12,68.0,0
SHOP000044,1,55.8,0
SHOP000044,2,62.2,0
SHOP000044,3,64.1,0
SHOP000044,4,61.9,0
SHOP000044,5,71.9,0
SHOP000044,6,71.1,0
SHOP000044,7,76.0,0
SHOP000044,8,77.3,0
SHOP000044,9,81.9,0
SHOP000044,10,84.5,0
SHOP000044,11,87.8,0
SHOP000044,12,90.6,0
SHOP000045,1,49.0,1
SHOP000045,2,47.6,1
SHOP000045,3,48.4,1
SHOP000045,4,41.2,1
SHOP000045,5,42.5,1
SHOP000045,6,37.9,1
SHOP000045,7,35.4,1
SHOP000045,8,40.2,1
SHOP000045,9,32.1,1
SHOP000045,10,40.5,1
SHOP000045,11,38.6,1
SHOP000045,12,23.3,1
SHOP000046,1,66.0,0
SHOP000046,2,67.2,0
SHOP000046,3,61.3,0
SHOP000046,4,71.6,0
SHOP000046,5,77.5,0
SHOP000046,6,76.6,0
SHOP000046,7,83.9,0
SHOP000046,8,78.4,0
SHOP000046,9,88.6,0
SHOP000046,10,85.2,0
SHOP000046,11,83.6,0
SHOP000046,12,91.5,0
SHOP000047,1,72.6,0
SHOP000047,2,75.7,0
SHOP000047,3,72.2,0
SHOP000047,4,88.2,0
SHOP000047,5,91.2,0
SHOP000047,6,93.4,0
SHOP000047,7,93.5,0
SHOP000047,8,95.9,0
SHOP000047,9,98.1,0
SHOP000047,10,107.1,0
SHOP000047,11,108.2,0
SHOP000047,12,105.7,0
SHOP000048,1,53.2,0
SHOP000048,2,60.5,0
SHOP000048,3,68.0,0
SHOP000048,4,71.5,0
SHOP000048,5,71.2,0
SHOP000048,6,70.0,0
SHOP000048,7,79.2,0
SHOP000048,8,76.1,0
SHOP000048,9,81.9,0
SHOP000048,10,84.8,0
SHOP000048,11,89.7,0
SHOP000048,12,95.0,0
SHOP000049,1,62.3,0
SHOP000049,2,72.7,0
SHOP000049,3,76.7,0
SHOP000049,4,80.4,0
SHOP000049,5,79.3,0
SHOP000049,6,84.4,0
SHOP000049,7,87.1,0
SHOP000049,8,94.6,0
SHOP000049,9,89.9,0
SHOP000049,10,97.6,0
SHOP000049,11,106.6,0
SHOP000049,12,104.6,0
SHOP000050,1,58.5,1
SHOP000050,2,59.8,1
SHOP000050,3,66.4,1
SHOP000050,4,53.7,1
SHOP000050,5,55.2,1
SHOP000050,6,55.6,1
SHOP000050,7,54.3,1
SHOP000050,8,56.7,1
SHOP000050,9,47.0,1
SHOP000050,10,48.6,1
SHOP000050,11,48.7,1
SHOP000050,12,43.7,1
SHOP000051,1,46.8,0
SHOP000051,2,53.1,0
SHOP000051,3,59.2,0
SHOP000051,4,57.1,0
SHOP000051,5,63.4,0
SHOP000051,6,58.0,0
SHOP000051,7,61.2,0
SHOP000051,8,73.3,0
SHOP000051,9,71.8,0
SHOP000051,10,76.3,0
SHOP000051,11,73.3,0
SHOP000051,12,77.6,0
SHOP000052,1,69.4,0
SHOP000052,2,70.7,0
SHOP000052,3,77.2,0
SHOP000052,4,75.2,0
SHOP000052,5,73.1,0
SHOP000052,6,80.3,0
SHOP000052,7,87.9,0
SHOP000052,8,90.2,0
SHOP000052,9,91.8,0
SHOP000052,10,99.3,0
SHOP000052,11,97.0,0
SHOP000052,12,98.5,0
SHOP000053,1,65.0,0
SHOP000053,2,62.4,0
SHOP000053,3,64.8,0
SHOP000053,4,69.8,0
SHOP000053,5,80.9,0
SHOP000053,6,78.2,0
SHOP000053,7,78.4,0
SHOP000053,8,80.5,0
SHOP000053,9,84.9,0
SHOP000053,10,87.1,0
SHOP000053,11,91.4,0
SHOP000053,12,97.8,0
SHOP000054,1,52.4,0
SHOP000054,2,64.7,0
SHOP000054,3,67.7,0
SHOP000054,4,77.3,0
SHOP000054,5,77.6,0
SHOP000054,6,85.0,0
SHOP000054,7,93.4,0
SHOP000054,8,95.0,0
SHOP000054,9,114.5,0
SHOP000054,10,114.4,0
SHOP000054,11,119.2,0
SHOP000054,12,123.8,0
SHOP000055,1,57.1,1
SHOP000055,2,52.9,1
SHOP000055,3,47.7,1
SHOP000055,4,47.5,1
SHOP000055,5,49.7,1
SHOP000055,6,43.6,1
SHOP000055,7,44.8,1
SHOP000055,8,40.2,1
SHOP000055,9,41.2,1
SHOP000055,10,32.3,1
SHOP000055,11,29.4,1
SHOP000055,12,24.9,1
SHOP000056,1,69.7,0
SHOP000056,2,65.3,0
SHOP000056,3,71.9,0
SHOP000056,4,80.4,0
SHOP000056,5,80.4,0
SHOP000056,6,85.7,0
SHOP000056,7,82.8,0
SHOP000056,8,86.5,0
SHOP000056,9,84.9,0
SHOP000056,10,92.7,0
SHOP000056,11,98.0,0
SHOP000056,12,97.6,0
SHOP000057,1,55.6,0
SHOP000057,2,60.4,0
SHOP000057,3,65.0,0
SHOP000057,4,63.8,0
SHOP000057,5,69.3,0
SHOP000057,6,72.9,0
SHOP000057,7,70.2,0
SHOP000057,8,70.4,0
SHOP000057,9,69.4,0
SHOP000057,10,79.1,0
SHOP000057,11,78.4,0
SHOP000057,12,83.1,0
SHOP000058,1,53.7,0
SHOP000058,2,54.4,0
SHOP000058,3,61.6,0
SHOP000058,4,59.1,0
SHOP000058,5,62.5,0
SHOP000058,6,66.1,0
SHOP000058,7,71.6,0
SHOP000058,8,70.0,0
SHOP000058,9,79.7,0
SHOP000058,10,73.8,0
SHOP000058,11,81.6,0
SHOP000058,12,86.1,0
SHOP000059,1,49.0,0
SHOP000059,2,50.8,0
SHOP000059,3,53.4,0
SHOP000059,4,56.9,0
SHOP000059,5,60.7,0
SHOP000059,6,67.2,0
SHOP000059,7,67.1,0
SHOP000059,8,70.0,0
SHOP000059,9,77.6,0
SHOP000059,10,80.4,0
SHOP000059,11,85.3,0
SHOP000059,12,82.3,0
SHOP000060,1,58.4,1
SHOP000060,2,60.7,1
SHOP000060,3,56.6,1
SHOP000060,4,49.6,1
SHOP000060,5,49.4,1
SHOP000060,6,49.2,1
SHOP000060,7,39.2,1
SHOP000060,8,43.4,1
SHOP000060,9,38.4,1
SHOP000060,10,37.8,1
SHOP000060,11,26.8,1
SHOP000060,12,35.5,1
SHOP000061,1,52.0,0
SHOP000061,2,57.0,0
SHOP000061,3,57.5,0
SHOP000061,4,65.2,0
SHOP000061,5,62.5,0
SHOP000061,6,70.7,0
SHOP000061,7,67.8,0
SHOP000061,8,71.0,0
SHOP000061,9,68.9,0
SHOP000061,10,73.8,0
SHOP000061,11,79.8,0
SHOP000061,12,77.1,0
SHOP000062,1,70.9,0
SHOP000062,2,75.1,0
SHOP000062,3,83.8,0
SHOP000062,4,84.5,0
SHOP000062,5,79.9,0
SHOP000062,6,87.7,0
SHOP000062,7,95.2,0
SHOP000062,8,93.3,0
SHOP000062,9,100.3,0
SHOP000062,10,95.8,0
SHOP000062,11,104.3,0
SHOP000062,12,109.8,0
SHOP000063,1,66.3,0
SHOP000063,2,61.8,0
SHOP000063,3,68.4,0
SHOP000063,4,72.2,0
SHOP000063,5,69.7,0
SHOP000063,6,81.0,0
SHOP000063,7,80.7,0
SHOP000063,8,79.2,0
SHOP000063,9,86.9,0
SHOP000063,10,85.5,0
SHOP000063,11,88.7,0
SHOP000063,12,89.3,0
SHOP000064,1,53.8,0
SHOP000064,2,59.7,0
SHOP000064,3,53.8,0
SHOP000064,4,49.2,0
SHOP000064,5,55.7,0
SHOP000064,6,57.9,0
SHOP000064,7,59.6,0
SHOP000064,8,59.9,0
SHOP000064,9,65.7,0
SHOP000064,10,61.5,0
SHOP000064,11,61.9,0
SHOP000064,12,65.2,0
SHOP000065,1,55.0,1
SHOP000065,2,51.0,1
SHOP000065,3,52.3,1
SHOP000065,4,42.6,1
SHOP000065,5,44.8,1
SHOP000065,6,44.3,1
SHOP000065,7,38.7,1
SHOP000065,8,30.8,1
SHOP000065,9,32.7,1
SHOP000065,10,32.6,1
SHOP000065,11,28.3,1
SHOP000065,12,21.5,1
SHOP000066,1,77.9,0
SHOP000066,2,89.9,0
SHOP000066,3,84.8,0
SHOP000066,4,85.3,0
SHOP000066,5,93.4,0
SHOP000066,6,98.3,0
SHOP000066,7,97.5,0
SHOP000066,8,108.4,0
SHOP000066,9,113.4,0
SHOP000066,10,110.3,0
SHOP000066,11,116.8,0
SHOP000066,12,119.2,0
SHOP000067,1,48.5,0
SHOP000067,2,51.2,0
SHOP000067,3,56.4,0
SHOP000067,4,57.9,0
SHOP000067,5,60.8,0
SHOP000067,6,65.2,0
SHOP000067,7,69.3,0
SHOP000067,8,73.7,0
SHOP000067,9,78.9,0
SHOP000067,10,78.8,0
SHOP000067,11,83.7,0
SHOP000067,12,86.5,0
SHOP000068,1,51.8,0
SHOP000068,2,57.5,0
SHOP000068,3,58.9,0
SHOP000068,4,68.1,0
SHOP000068,5,73.2,0
SHOP000068,6,74.4,0
SHOP000068,7,83.7,0
SHOP000068,8,75.6,0
SHOP000068,9,83.8,0
SHOP000068,10,91.9,0
SHOP000068,11,89.2,0
SHOP000068,12,97.4,0
SHOP000069,1,58.4,0
SHOP000069,2,64.0,0
SHOP000069,3,67.7,0
SHOP000069,4,63.1,0
SHOP000069,5,66.4,0
SHOP000069,6,74.6,0
SHOP000069,7,72.7,0
SHOP000069,8,84.9,0
SHOP000069,9,81.8,0
SHOP000069,10,85.8,0
SHOP000069,11,87.5,0
SHOP000069,12,89.9,0
SHOP000070,1,49.3,1
SHOP000070,2,41.3,1
SHOP000070,3,44.5,1
SHOP000070,4,47.1,1
SHOP000070,5,45.8,1
SHOP000070,6,47.4,1
SHOP000070,7,43.6,1
SHOP000070,8,41.1,1
SHOP000070,9,40.4,1
SHOP000070,10,40.9,1
SHOP000070,11,40.7,1
SHOP000070,12,36.3,1
SHOP000071,1,56.6,0
SHOP000071,2,59.6,0
SHOP000071,3,66.2,0
SHOP000071,4,65.2,0
SHOP000071,5,73.1,0
SHOP000071,6,78.7,0
SHOP000071,7,78.8,0
SHOP000071,8,82.3,0
SHOP000071,9,83.1,0
SHOP000071,10,89.0,0
SHOP000071,11,91.9,0
SHOP000071,12,100.6,0
SHOP000072,1,59.1,0
SHOP000072,2,58.5,0
SHOP000072,3,63.3,0
SHOP000072,4,63.5,0
SHOP000072,5,68.7,0
SHOP000072,6,69.9,0
SHOP000072,7,77.2,0
SHOP000072,8,76.9,0
SHOP000072,9,74.9,0
SHOP000072,10,80.6,0
SHOP000072,11,81.2,0
SHOP000072,12,89.5,0
SHOP000073,1,63.2,0
SHOP000073,2,64.8,0
SHOP000073,3,71.5,0
SHOP000073,4,73.1,0
SHOP000073,5,81.4,0
SHOP000073,6,80.9,0
SHOP000073,7,86.9,0
SHOP000073,8,87.5,0
SHOP000073,9,95.7,0
SHOP000073,10,92.8,0
SHOP000073,11,98.3,0
SHOP000073,12,104.5,0
SHOP000074,1,66.4,0
SHOP000074,2,73.4,0
SHOP000074,3,78.5,0
SHOP000074,4,78.0,0
SHOP000074,5,79.4,0
SHOP000074,6,75.8,0
SHOP000074,7,81.6,0
SHOP000074,8,84.1,0
SHOP000074,9,85.0,0
SHOP000074,10,87.0,0
SHOP000074,11,90.1,0
SHOP000074,12,82.3,0
SHOP000075,1,35.2,1
SHOP000075,2,30.0,1
SHOP000075,3,23.3,1
SHOP000075,4,28.4,1
SHOP000075,5,19.1,1
SHOP000075,6,16.6,1
SHOP000075,7,15.0,1
SHOP000075,8,14.8,1
SHOP000075,9,4.4,1
SHOP000075,10,1.4,1
SHOP000075,11,0.0,1
SHOP000075,12,0.0,1
SHOP000076,1,49.9,0
SHOP000076,2,51.5,0
SHOP000076,3,56.0,0
SHOP000076,4,56.7,0
SHOP000076,5,62.1,0
SHOP000076,6,58.4,0
SHOP000076,7,67.8,0
SHOP000076,8,65.2,0
SHOP000076,9,68.5,0
SHOP000076,10,71.4,0
SHOP000076,11,80.6,0
SHOP000076,12,75.6,0
SHOP000077,1,62.8,0
SHOP000077,2,63.7,0
SHOP000077,3,66.3,0
SHOP000077,4,69.9,0
SHOP000077,5,80.2,0
SHOP000077,6,78.2,0
SHOP000077,7,80.5,0
SHOP000077,8,90.7,0
SHOP000077,9,93.3,0
SHOP000077,10,94.9,0
SHOP000077,11,97.1,0
SHOP000077,12,94.0,0
SHOP000078,1,48.5,0
SHOP000078,2,51.5,0
SHOP000078,3,63.9,0
SHOP000078,4,55.6,0
SHOP000078,5,64.6,0
SHOP000078,6,64.4,0
SHOP000078,7,70.4,0
SHOP000078,8,69.1,0
SHOP000078,9,79.4,0
SHOP000078,10,77.8,0
SHOP000078,11,87.0,0
SHOP000078,12,89.0,0
SHOP000079,1,45.7,0
SHOP000079,2,48.8,0
SHOP000079,3,57.7,0
SHOP000079,4,61.0,0
SHOP000079,5,56.5,0
SHOP000079,6,63.7,0
SHOP000079,7,62.5,0
SHOP000079,8,64.0,0
SHOP000079,9,66.5,0
SHOP000079,10,71.5,0
SHOP000079,11,65.3,0
SHOP000079,12,72.4,0
SHOP000080,1,50.3,1
SHOP000080,2,49.3,1
SHOP000080,3,46.4,1
SHOP000080,4,43.8,1
SHOP000080,5,38.5,1
SHOP000080,6,39.9,1
SHOP000080,7,36.2,1
SHOP000080,8,34.0,1
SHOP000080,9,27.1,1
SHOP000080,10,35.2,1
SHOP000080,11,27.2,1
SHOP000080,12,28.3,1
SHOP000081,1,72.9,0
SHOP000081,2,85.9,0
SHOP000081,3,85.7,0
SHOP000081,4,84.1,0
SHOP000081,5,89.4,0
SHOP000081,6,98.0,0
SHOP000081,7,101.5,0
SHOP000081,8,104.3,0
SHOP000081,9,103.5,0
SHOP000081,10,111.0,0
SHOP000081,11,118.0,0
SHOP000081,12,125.2,0
SHOP000082,1,58.8,0
SHOP000082,2,64.0,0
SHOP000082,3,60.0,0
SHOP000082,4,67.2,0
SHOP000082,5,71.1,0
SHOP000082,6,75.5,0
SHOP000082,7,77.3,0
SHOP000082,8,79.7,0
SHOP000082,9,82.0,0
SHOP000082,10,86.7,0
SHOP000082,11,91.1,0
SHOP000082,12,93.7,0
SHOP000083,1,67.7,0
SHOP000083,2,64.0,0
SHOP000083,3,70.4,0
SHOP000083,4,78.4,0
SHOP000083,5,74.3,0
SHOP000083,6,81.9,0
SHOP000083,7,80.6,0
SHOP000083,8,85.7,0
SHOP000083,9,83.5,0
SHOP000083,10,96.2,0
SHOP000083,11,98.2,0
SHOP000083,12,94.3,0
SHOP000084,1,49.3,0
SHOP000084,2,50.8,0
SHOP000084,3,53.5,0
SHOP000084,4,54.7,0
SHOP000084,5,52.0,0
SHOP000084,6,59.8,0
SHOP000084,7,62.9,0
SHOP000084,8,58.9,0
SHOP000084,9,59.6,0
SHOP000084,10,62.3,0
SHOP000084,11,63.4,0
SHOP000084,12,68.8,0
SHOP000085,1,59.7,1
SHOP000085,2,58.8,1
SHOP000085,3,59.8,1
SHOP000085,4,56.7,1
SHOP000085,5,53.5,1
SHOP000085,6,51.9,1
SHOP000085,7,52.4,1
SHOP000085,8,45.9,1
SHOP000085,9,42.0,1
SHOP000085,10,42.1,1
SHOP000085,11,46.8,1
SHOP000085,12,36.8,1
SHOP000086,1,67.3,0
SHOP000086,2,71.4,0
SHOP000086,3,70.4,0
SHOP000086,4,71.7,0
SHOP000086,5,77.0,0
SHOP000086,6,74.8,0
SHOP000086,7,83.3,0
SHOP000086,8,80.4,0
SHOP000086,9,85.7,0
SHOP000086,10,84.6,0
SHOP000086,11,88.2,0
SHOP000086,12,90.2,0
SHOP000087,1,63.5,0
SHOP000087,2,66.5,0
SHOP000087,3,71.1,0
SHOP000087,4,75.9,0
SHOP000087,5,85.4,0
SHOP000087,6,86.5,0
SHOP000087,7,93.1,0
SHOP000087,8,91.3,0
SHOP000087,9,96.6,0
SHOP000087,10,99.9,0
SHOP000087,11,100.4,0
SHOP000087,12,112.5,0
SHOP000088,1,49.3,0
SHOP000088,2,53.5,0
SHOP000088,3,54.8,0
SHOP000088,4,55.9,0
SHOP000088,5,60.9,0
SHOP000088,6,56.5,0
SHOP000088,7,55.2,0
SHOP000088,8,63.9,0
SHOP000088,9,63.1,0
SHOP000088,10,68.0,0
SHOP000088,11,73.9,0
SHOP000088,12,73.3,0
SHOP000089,1,63.9,0
SHOP000089,2,66.4,0
SHOP000089,3,68.3,0
SHOP000089,4,69.3,0
SHOP000089,5,68.5,0
SHOP000089,6,74.7,0
SHOP000089,7,80.4,0
SHOP000089,8,77.1,0
SHOP000089,9,83.8,0
SHOP000089,10,90.6,0
SHOP000089,11,89.3,0
SHOP000089,12,91.7,0
SHOP000090,1,64.4,1
SHOP000090,2,51.2,1
SHOP000090,3,49.5,1
SHOP000090,4,50.7,1
SHOP000090,5,45.0,1
SHOP000090,6,43.7,1
SHOP000090,7,41.4,1
SHOP000090,8,42.6,1
SHOP000090,9,34.6,1
SHOP000090,10,36.8,1
SHOP000090,11,33.6,1
SHOP000090,12,34.0,1
SHOP000091,1,62.7,0
SHOP000091,2,67.8,0
SHOP000091,3,68.9,0
SHOP000091,4,73.2,0
SHOP000091,5,74.8,0
SHOP000091,6,81.2,0
SHOP000091,7,83.4,0
SHOP000091,8,83.1,0
SHOP000091,9,91.8,0
SHOP000091,10,102.2,0
SHOP000091,11,94.4,0
SHOP000091,12,103.0,0
SHOP000092,1,51.0,0
SHOP000092,2,53.4,0
SHOP000092,3,59.4,0
SHOP000092,4,59.2,0
SHOP000092,5,62.4,0
SHOP000092,6,65.2,0
SHOP000092,7,73.8,0
SHOP000092,8,81.4,0
SHOP000092,9,84.8,0
SHOP000092,10,87.6,0
SHOP000092,11,98.1,0
SHOP000092,12,93.9,0
SHOP000093,1,46.7,0
SHOP000093,2,52.7,0
SHOP000093,3,60.3,0
SHOP000093,4,66.7,0
SHOP000093,5,70.8,0
SHOP000093,6,76.7,0
SHOP000093,7,78.9,0
SHOP000093,8,78.6,0
SHOP000093,9,84.3,0
SHOP000093,10,88.3,0
SHOP000093,11,96.2,0
SHOP000093,12,100.0,0
SHOP000094,1,53.5,0
SHOP000094,2,49.9,0
SHOP000094,3,52.7,0
SHOP000094,4,57.9,0
SHOP000094,5,59.7,0
SHOP000094,6,58.2,0
SHOP000094,7,62.0,0
SHOP000094,8,64.5,0
SHOP000094,9,70.3,0
SHOP000094,10,68.8,0
SHOP000094,11,65.8,0
SHOP000094,12,68.2,0
SHOP000095,1,55.4,1
SHOP000095,2,53.4,1
SHOP000095,3,56.2,1
SHOP000095,4,50.2,1
SHOP000095,5,42.3,1
SHOP000095,6,54.8,1
SHOP000095,7,43.7,1
SHOP000095,8,41.5,1
SHOP000095,9,42.2,1
SHOP000095,10,39.7,1
SHOP000095,11,40.0,1
SHOP000095,12,36.0,1
SHOP000096,1,55.6,0
SHOP000096,2,66.2,0
SHOP000096,3,64.3,0
SHOP000096,4,65.1,0
SHOP000096,5,72.7,0
SHOP000096,6,75.1,0
SHOP000096,7,78.6,0
SHOP000096,8,82.7,0
SHOP000096,9,81.4,0
SHOP000096,10,79.5,0
SHOP000096,11,89.1,0
SHOP000096,12,91.0,0
SHOP000097,1,48.9,0
SHOP000097,2,59.5,0
SHOP000097,3,63.6,0
SHOP000097,4,63.6,0
SHOP000097,5,70.2,0
SHOP000097,6,78.6,0
SHOP000097,7,85.0,0
SHOP000097,8,84.8,0
SHOP000097,9,90.0,0
SHOP000097,10,93.2,0
SHOP000097,11,106.0,0
SHOP000097,12,109.9,0
SHOP000098,1,55.4,0
SHOP000098,2,57.8,0
SHOP000098,3,61.1,0
SHOP000098,4,56.2,0
SHOP000098,5,65.6,0
SHOP000098,6,64.6,0
SHOP000098,7,70.3,0
SHOP000098,8,70.9,0
SHOP000098,9,68.1,0
SHOP000098,10,73.0,0
SHOP000098,11,73.5,0
SHOP000098,12,77.4,0
SHOP000099,1,49.6,0
SHOP000099,2,48.4,0
SHOP000099,3,57.9,0
SHOP000099,4,64.9,0
SHOP000099,5,60.7,0
SHOP000099,6,66.0,0
SHOP000099,7,66.2,0
SHOP000099,8,62.7,0
SHOP000099,9,70.0,0
SHOP000099,10,80.4,0
SHOP000099,11,84.9,0
SHOP000099,12,81.1,0
SHOP000100,1,43.6,1
SHOP000100,2,45.5,1
SHOP000100,3,42.9,1
SHOP000100,4,38.7,1
SHOP000100,5,41.0,1
SHOP000100,6,37.2,1
SHOP000100,7,40.8,1
SHOP000100,8,37.2,1
SHOP000100,9,32.2,1
SHOP000100,10,26.3,1
SHOP000100,11,25.4,1
SHOP000100,12,29.7,1
SHOP000101,1,63.6,0
SHOP000101,2,63.2,0
SHOP000101,3,64.2,0
SHOP000101,4,64.5,0
SHOP000101,5,71.3,0
SHOP000101,6,73.6,0
SHOP000101,7,74.7,0
SHOP000101,8,74.2,0
SHOP000101,9,80.9,0
SHOP000101,10,80.4,0
SHOP000101,11,86.2,0
SHOP000101,12,86.9,0
SHOP000102,1,53.2,0
SHOP000102,2,57.4,0
SHOP000102,3,63.8,0
SHOP000102,4,69.9,0
SHOP000102,5,71.3,0
SHOP000102,6,76.3,0
SHOP000102,7,80.8,0
SHOP000102,8,83.2,0
SHOP000102,9,89.0,0
SHOP000102,10,93.0,0
SHOP000102,11,91.4,0
SHOP000102,12,104.4,0
SHOP000103,1,73.0,0
SHOP000103,2,73.7,0
SHOP000103,3,79.0,0
SHOP000103,4,83.0,0
SHOP000103,5,82.1,0
SHOP000103,6,88.1,0
SHOP000103,7,94.2,0
SHOP000103,8,96.7,0
SHOP000103,9,101.4,0
SHOP000103,10,104.5,0
SHOP000103,11,105.3,0
SHOP000103,12,104.1,0
SHOP000104,1,67.0,0
SHOP000104,2,66.8,0
SHOP000104,3,75.0,0
SHOP000104,4,75.2,0
SHOP000104,5,83.2,0
SHOP000104,6,91.0,0
SHOP000104,7,86.5,0
SHOP000104,8,92.3,0
SHOP000104,9,97.9,0
SHOP000104,10,105.7,0
SHOP000104,11,115.8,0
SHOP000104,12,111.6,0
SHOP000105,1,47.9,1
SHOP000105,2,50.7,1
SHOP000105,3,48.5,1
SHOP000105,4,49.4,1
SHOP000105,5,36.3,1
SHOP000105,6,39.6,1
SHOP000105,7,37.8,1
SHOP000105,8,30.6,1
SHOP000105,9,35.4,1
SHOP000105,10,29.4,1
SHOP000105,11,28.0,1
SHOP000105,12,23.0,1
SHOP000106,1,56.1,0
SHOP000106,2,58.7,0
SHOP000106,3,58.9,0
SHOP000106,4,56.3,0
SHOP000106,5,58.4,0
SHOP000106,6,58.1,0
SHOP000106,7,62.8,0
SHOP000106,8,69.3,0
SHOP000106,9,68.6,0
SHOP000106,10,66.1,0
SHOP000106,11,65.4,0
SHOP000106,12,72.2,0
SHOP000107,1,60.6,0
SHOP000107,2,63.0,0
SHOP000107,3,66.9,0
SHOP000107,4,67.6,0
SHOP000107,5,74.2,0
SHOP000107,6,77.7,0
SHOP000107,7,80.2,0
SHOP000107,8,82.8,0
SHOP000107,9,89.3,0
SHOP000107,10,87.5,0
SHOP000107,11,91.4,0
SHOP000107,12,99.6,0
SHOP000108,1,46.3,0
SHOP000108,2,45.3,0
SHOP000108,3,52.9,0
SHOP000108,4,51.2,0
SHOP000108,5,51.8,0
SHOP000108,6,53.1,0
SHOP000108,7,48.8,0
SHOP000108,8,53.3,0
SHOP000108,9,60.4,0
SHOP000108,10,51.6,0
SHOP000108,11,56.4,0
SHOP000108,12,54.6,0
SHOP000109,1,61.1,0
SHOP000109,2,68.0,0
SHOP000109,3,76.2,0
SHOP000109,4,76.5,0
SHOP000109,5,77.2,0
SHOP000109,6,85.8,0
SHOP000109,7,94.5,0
SHOP000109,8,88.6,0
SHOP000109,9,95.5,0
SHOP000109,10,100.1,0
SHOP000109,11,106.6,0
SHOP000109,12,110.0,0
SHOP000110,1,58.7,1
SHOP000110,2,55.6,1
SHOP000110,3,57.7,1
SHOP000110,4,61.2,1
SHOP000110,5,55.4,1
SHOP000110,6,57.2,1
SHOP000110,7,54.8,1
SHOP000110,8,53.1,1
SHOP000110,9,51.7,1
SHOP000110,10,54.9,1
SHOP000110,11,49.9,1
SHOP000110,12,50.1,1
SHOP000111,1,43.8,0
SHOP000111,2,47.8,0
SHOP000111,3,48.7,0
SHOP000111,4,49.4,0
SHOP000111,5,57.3,0
SHOP000111,6,60.9,0
SHOP000111,7,60.1,0
SHOP000111,8,65.8,0
SHOP000111,9,66.7,0
SHOP000111,10,70.5,0
SHOP000111,11,74.4,0
SHOP000111,12,75.3,0
SHOP000112,1,51.0,0
SHOP000112,2,57.2,0
SHOP000112,3,65.5,0
SHOP000112,4,70.0,0
SHOP000112,5,68.8,0
SHOP000112,6,75.3,0
SHOP000112,7,90.7,0
SHOP000112,8,87.2,0
SHOP000112,9,94.5,0
SHOP000112,10,97.9,0
SHOP000112,11,101.4,0
SHOP000112,12,107.3,0
SHOP000113,1,52.6,0
SHOP000113,2,62.4,0
SHOP000113,3,65.1,0
SHOP000113,4,65.4,0
SHOP000113,5,71.8,0
SHOP000113,6,71.4,0
SHOP000113,7,86.9,0
SHOP000113,8,83.5,0
SHOP000113,9,87.0,0
SHOP000113,10,94.3,0
SHOP000113,11,94.8,0
SHOP000113,12,101.0,0
SHOP000114,1,53.9,0
SHOP000114,2,60.6,0
SHOP000114,3,59.4,0
SHOP000114,4,56.6,0
SHOP000114,5,67.4,0
SHOP000114,6,73.2,0
SHOP000114,7,71.2,0
SHOP000114,8,73.2,0
SHOP000114,9,77.6,0
SHOP000114,10,75.6,0
SHOP000114,11,82.5,0
SHOP000114,12,86.4,0
SHOP000115,1,59.2,1
SHOP000115,2,49.8,1
SHOP000115,3,58.2,1
SHOP000115,4,45.0,1
SHOP000115,5,41.4,1
SHOP000115,6,45.4,1
SHOP000115,7,35.0,1
SHOP000115,8,36.0,1
SHOP000115,9,40.6,1
SHOP000115,10,27.4,1
SHOP000115,11,20.1,1
SHOP000115,12,22.9,1
SHOP000116,1,52.8,0
SHOP000116,2,56.6,0
SHOP000116,3,57.0,0
SHOP000116,4,59.0,0
SHOP000116,5,55.6,0
SHOP000116,6,60.8,0
SHOP000116,7,67.0,0
SHOP000116,8,63.5,0
SHOP000116,9,70.4,0
SHOP000116,10,68.5,0
SHOP000116,11,76.2,0
SHOP000116,12,72.9,0
SHOP000117,1,64.6,0
SHOP000117,2,67.9,0
SHOP000117,3,68.5,0
SHOP000117,4,72.1,0
SHOP000117,5,86.5,0
SHOP000117,6,81.5,0
SHOP000117,7,82.2,0
SHOP000117,8,92.7,0
SHOP000117,9,94.2,0
SHOP000117,10,100.0,0
SHOP000117,11,103.5,0
SHOP000117,12,103.8,0
SHOP000118,1,44.5,0
SHOP000118,2,42.9,0
SHOP000118,3,47.8,0
SHOP000118,4,52.4,0
SHOP000118,5,51.5,0
SHOP000118,6,54.0,0
SHOP000118,7,57.7,0
SHOP000118,8,65.1,0
SHOP000118,9,67.0,0
SHOP000118,10,69.4,0
SHOP000118,11,67.9,0
SHOP000118,12,80.4,0
SHOP000119,1,59.6,0
SHOP000119,2,62.5,0
SHOP000119,3,63.0,0
SHOP000119,4,68.2,0
SHOP000119,5,75.0,0
SHOP000119,6,73.7,0
SHOP000119,7,74.2,0
SHOP000119,8,74.6,0
SHOP000119,9,77.4,0
SHOP000119,10,81.1,0
SHOP000119,11,84.5,0
SHOP000119,12,85.5,0
SHOP000120,1,46.0,1
SHOP000120,2,41.2,1
SHOP000120,3,46.3,1
SHOP000120,4,42.9,1
SHOP000120,5,36.9,1
SHOP000120,6,35.2,1
SHOP000120,7,32.7,1
SHOP000120,8,31.6,1
SHOP000120,9,28.3,1
SHOP000120,10,23.4,1
SHOP000120,11,19.7,1
SHOP000120,12,15.9,1
SHOP000121,1,63.9,0
SHOP000121,2,70.9,0
SHOP000121,3,76.9,0
SHOP000121,4,78.3,0
SHOP000121,5,77.8,0
SHOP000121,6,86.3,0
SHOP000121,7,96.3,0
SHOP000121,8,97.6,0
SHOP000121,9,106.5,0
SHOP000121,10,105.5,0
SHOP000121,11,114.7,0
SHOP000121,12,115.7,0
SHOP000122,1,54.8,0
SHOP000122,2,52.6,0
SHOP000122,3,62.8,0
SHOP000122,4,64.7,0
SHOP000122,5,70.3,0
SHOP000122,6,74.4,0
SHOP000122,7,76.7,0
SHOP000122,8,82.9,0
SHOP000122,9,82.4,0
SHOP000122,10,90.3,0
SHOP000122,11,84.9,0
SHOP000122,12,94.8,0
SHOP000123,1,57.4,0
SHOP000123,2,60.5,0
SHOP000123,3,62.7,0
SHOP000123,4,63.2,0
SHOP000123,5,60.5,0
SHOP000123,6,70.3,0
SHOP000123,7,73.3,0
SHOP000123,8,74.3,0
SHOP000123,9,77.6,0
SHOP000123,10,87.4,0
SHOP000123,11,89.0,0
SHOP000123,12,87.4,0
SHOP000124,1,65.2,0
SHOP000124,2,67.0,0
SHOP000124,3,73.1,0
SHOP000124,4,75.9,0
SHOP000124,5,74.6,0
SHOP000124,6,83.7,0
SHOP000124,7,92.6,0
SHOP000124,8,87.6,0
SHOP000124,9,96.6,0
SHOP000124,10,101.0,0
SHOP000124,11,100.7,0
SHOP000124,12,108.0,0
SHOP000125,1,69.8,1
SHOP000125,2,67.2,1
SHOP000125,3,68.1,1
SHOP000125,4,64.2,1
SHOP000125,5,62.4,1
SHOP000125,6,56.6,1
SHOP000125,7,55.0,1
SHOP000125,8,56.8,1
SHOP000125,9,58.7,1
SHOP000125,10,53.6,1
SHOP000125,11,50.1,1
SHOP000125,12,43.1,1
SHOP000126,1,66.1,0
SHOP000126,2,63.4,0
SHOP000126,3,61.1,0
SHOP000126,4,77.9,0
SHOP000126,5,74.0,0
SHOP000126,6,74.8,0
SHOP000126,7,79.5,0
SHOP000126,8,75.6,0
SHOP000126,9,82.2,0
SHOP000126,10,83.0,0
SHOP000126,11,85.6,0
SHOP000126,12,88.8,0
SHOP000127,1,64.3,0
SHOP000127,2,65.9,0
SHOP000127,3,69.8,0
SHOP000127,4,73.1,0
SHOP000127,5,78.9,0
SHOP000127,6,83.2,0
SHOP000127,7,85.0,0
SHOP000127,8,87.8,0
SHOP000127,9,93.9,0
SHOP000127,10,97.7,0
SHOP000127,11,97.1,0
SHOP000127,12,100.9,0
SHOP000128,1,68.4,0
SHOP000128,2,72.1,0
SHOP000128,3,76.0,0
SHOP000128,4,76.2,0
SHOP000128,5,81.5,0
SHOP000128,6,89.3,0
SHOP000128,7,92.4,0
SHOP000128,8,99.4,0
SHOP000128,9,103.9,0
SHOP000128,10,110.0,0
SHOP000128,11,109.1,0
SHOP000128,12,117.2,0
SHOP000129,1,47.9,0
SHOP000129,2,44.9,0
SHOP000129,3,50.1,0
SHOP000129,4,50.0,0
SHOP000129,5,57.1,0
SHOP000129,6,65.3,0
SHOP000129,7,58.2,0
SHOP000129,8,63.8,0
SHOP000129,9,69.7,0
SHOP000129,10,73.9,0
SHOP000129,11,74.8,0
SHOP000129,12,78.9,0
SHOP000130,1,45.1,1
SHOP000130,2,40.6,1
SHOP000130,3,40.7,1
SHOP000130,4,36.3,1
SHOP000130,5,33.1,1
SHOP000130,6,34.3,1
SHOP000130,7,37.1,1
SHOP000130,8,25.1,1
SHOP000130,9,23.0,1
SHOP000130,10,24.9,1
SHOP000130,11,17.0,1
SHOP000130,12,17.0,1
SHOP000131,1,61.5,0
SHOP000131,2,69.1,0
SHOP000131,3,68.5,0
SHOP000131,4,65.1,0
SHOP000131,5,70.1,0
SHOP000131,6,79.7,0
SHOP000131,7,76.7,0
SHOP000131,8,75.6,0
SHOP000131,9,83.7,0
SHOP000131,10,86.3,0
SHOP000131,11,92.8,0
SHOP000131,12,91.2,0
SHOP000132,1,61.5,0
SHOP000132,2,70.4,0
SHOP000132,3,74.5,0
SHOP000132,4,79.5,0
SHOP000132,5,83.7,0
SHOP000132,6,87.5,0
SHOP000132,7,96.0,0
SHOP000132,8,96.4,0
SHOP000132,9,106.3,0
SHOP000132,10,103.9,0
SHOP000132,11,109.5,0
SHOP000132,12,109.2,0
SHOP000133,1,44.3,0
SHOP000133,2,53.4,0
SHOP000133,3,60.2,0
SHOP000133,4,64.6,0
SHOP000133,5,72.6,0
SHOP000133,6,80.7,0
SHOP000133,7,78.0,0
SHOP000133,8,82.8,0
SHOP000133,9,92.0,0
SHOP000133,10,92.0,0
SHOP000133,11,94.1,0
SHOP000133,12,105.2,0
SHOP000134,1,50.3,0
SHOP000134,2,54.2,0
SHOP000134,3,58.5,0
SHOP000134,4,57.6,0
SHOP000134,5,72.2,0
SHOP000134,6,59.0,0
SHOP000134,7,72.6,0
SHOP000134,8,70.4,0
SHOP000134,9,71.8,0
SHOP000134,10,76.0,0
SHOP000134,11,82.4,0
SHOP000134,12,81.0,0
SHOP000135,1,48.4,1
SHOP000135,2,51.5,1
SHOP000135,3,47.3,1
SHOP000135,4,43.1,1
SHOP000135,5,42.7,1
SHOP000135,6,39.6,1
SHOP000135,7,34.9,1
SHOP000135,8,30.4,1
SHOP000135,9,28.2,1
SHOP000135,10,27.0,1
SHOP000135,11,26.1,1
SHOP000135,12,19.7,1
SHOP000136,1,60.1,0
SHOP000136,2,64.5,0
SHOP000136,3,76.4,0
SHOP000136,4,75.0,0
SHOP000136,5,77.2,0
SHOP000136,6,88.1,0
SHOP000136,7,83.4,0
SHOP000136,8,95.0,0
SHOP000136,9,97.2,0
SHOP000136,10,99.8,0
SHOP000136,11,100.0,0
SHOP000136,12,108.9,0
SHOP000137,1,53.2,0
SHOP000137,2,57.0,0
SHOP000137,3,57.3,0
SHOP000137,4,59.9,0
SHOP000137,5,66.9,0
SHOP000137,6,73.1,0
SHOP000137,7,73.9,0
SHOP000137,8,74.4,0
SHOP000137,9,83.8,0
SHOP000137,10,86.6,0
SHOP000137,11,90.2,0
SHOP000137,12,93.5,0
SHOP000138,1,46.7,0
SHOP000138,2,51.9,0
SHOP000138,3,52.8,0
SHOP000138,4,55.1,0
SHOP000138,5,63.4,0
SHOP000138,6,60.4,0
SHOP000138,7,59.7,0
SHOP000138,8,65.1,0
SHOP000138,9,59.1,0
SHOP000138,10,69.3,0
SHOP000138,11,71.4,0
SHOP000138,12,69.7,0
SHOP000139,1,45.7,0
SHOP000139,2,48.8,0
SHOP000139,3,56.1,0
SHOP000139,4,59.2,0
SHOP000139,5,64.5,0
SHOP000139,6,64.4,0
SHOP000139,7,70.5,0
SHOP000139,8,80.2,0
SHOP000139,9,79.2,0
SHOP000139,10,81.0,0
SHOP000139,11,88.2,0
SHOP000139,12,91.7,0
SHOP000140,1,68.5,1
SHOP000140,2,67.6,1
SHOP000140,3,63.4,1
SHOP000140,4,58.3,1
SHOP000140,5,60.4,1
SHOP000140,6,47.5,1
SHOP000140,7,51.2,1
SHOP000140,8,49.1,1
SHOP000140,9,41.6,1
SHOP000140,10,43.9,1
SHOP000140,11,38.8,1
SHOP000140,12,34.8,1
SHOP000141,1,58.3,0
SHOP000141,2,55.4,0
SHOP000141,3,67.9,0
SHOP000141,4,71.9,0
SHOP000141,5,75.0,0
SHOP000141,6,81.1,0
SHOP000141,7,83.7,0
SHOP000141,8,92.7,0
SHOP000141,9,94.7,0
SHOP000141,10,100.5,0
SHOP000141,11,103.3,0
SHOP000141,12,115.8,0
SHOP000142,1,29.3,0
SHOP000142,2,42.0,0
SHOP000142,3,40.9,0
SHOP000142,4,48.2,0
SHOP000142,5,47.7,0
SHOP000142,6,58.5,0
SHOP000142,7,60.4,0
SHOP000142,8,56.2,0
SHOP000142,9,65.2,0
SHOP000142,10,66.1,0
SHOP000142,11,68.0,0
SHOP000142,12,67.3,0
SHOP000143,1,60.0,0
SHOP000143,2,57.2,0
SHOP000143,3,64.1,0
SHOP000143,4,62.8,0
SHOP000143,5,73.0,0
SHOP000143,6,75.6,0
SHOP000143,7,78.7,0
SHOP000143,8,82.3,0
SHOP000143,9,83.1,0
SHOP000143,10,90.0,0
SHOP000143,11,92.9,0
SHOP000143,12,94.1,0
SHOP000144,1,52.8,0
SHOP000144,2,60.4,0
SHOP000144,3,60.9,0
SHOP000144,4,65.3,0
SHOP000144,5,73.4,0
SHOP000144,6,81.5,0
SHOP000144,7,80.6,0
SHOP000144,8,84.2,0
SHOP000144,9,90.6,0
SHOP000144,10,90.3,0
SHOP000144,11,97.6,0
SHOP000144,12,99.8,0
SHOP000145,1,41.4,1
SHOP000145,2,39.5,1
SHOP000145,3,39.5,1
SHOP000145,4,36.8,1
SHOP000145,5,37.9,1
SHOP000145,6,29.6,1
SHOP000145,7,37.8,1
SHOP000145,8,31.0,1
SHOP000145,9,29.3,1
SHOP000145,10,38.0,1
SHOP000145,11,35.2,1
SHOP000145,12,28.5,1
SHOP000146,1,67.4,0
SHOP000146,2,71.0,0
SHOP000146,3,72.1,0
SHOP000146,4,77.4,0
SHOP000146,5,89.1,0
SHOP000146,6,85.7,0
SHOP000146,7,87.5,0
SHOP000146,8,94.9,0
SHOP000146,9,97.7,0
SHOP000146,10,97.6,0
SHOP000146,11,103.1,0
SHOP000146,12,104.5,0
SHOP000147,1,70.2,0
SHOP000147,2,76.9,0
SHOP000147,3,85.2,0
SHOP000147,4,85.3,0
SHOP000147,5,88.2,0
SHOP000147,6,92.8,0
SHOP000147,7,92.5,0
SHOP000147,8,100.9,0
SHOP000147,9,99.3,0
SHOP000147,10,107.9,0
SHOP000147,11,114.8,0
SHOP000147,12,113.8,0
SHOP000148,1,63.4,0
SHOP000148,2,61.8,0
SHOP000148,3,59.8,0
SHOP000148,4,70.4,0
SHOP000148,5,74.4,0
SHOP000148,6,74.0,0
SHOP000148,7,75.5,0
SHOP000148,8,79.8,0
SHOP000148,9,84.1,0
SHOP000148,10,89.7,0
SHOP000148,11,90.5,0
SHOP000148,12,92.3,0
SHOP000149,1,43.5,0
SHOP000149,2,53.1,0
SHOP000149,3,56.8,0
SHOP000149,4,64.0,0
SHOP000149,5,52.5,0
SHOP000149,6,62.9,0
SHOP000149,7,62.2,0
SHOP000149,8,68.7,0
SHOP000149,9,69.5,0
SHOP000149,10,81.1,0
SHOP000149,11,80.9,0
SHOP000149,12,80.0,0
SHOP000150,1,51.0,1
SHOP000150,2,44.7,1
SHOP000150,3,43.2,1
SHOP000150,4,33.9,1
SHOP000150,5,27.9,1
SHOP000150,6,29.6,1
SHOP000150,7,19.3,1
SHOP000150,8,17.0,1
SHOP000150,9,13.2,1
SHOP000150,10,12.4,1
SHOP000150,11,1.7,1
SHOP000150,12,0.0,1
SHOP000151,1,64.1,0
SHOP000151,2,71.8,0
SHOP000151,3,80.0,0
SHOP000151,4,75.7,0
SHOP000151,5,86.3,0
SHOP000151,6,78.8,0
SHOP000151,7,93.2,0
SHOP000151,8,96.2,0
SHOP000151,9,103.8,0
SHOP000151,10,107.4,0
SHOP000151,11,110.8,0
SHOP000151,12,118.2,0
SHOP000152,1,47.3,0
SHOP000152,2,54.8,0
SHOP000152,3,63.1,0
SHOP000152,4,60.7,0
SHOP000152,5,61.4,0
SHOP000152,6,56.8,0
SHOP000152,7,68.3,0
SHOP000152,8,71.6,0
SHOP000152,9,67.7,0
SHOP000152,10,68.1,0
SHOP000152,11,69.1,0
SHOP000152,12,71.0,0
SHOP000153,1,62.4,0
SHOP000153,2,70.2,0
SHOP000153,3,69.5,0
SHOP000153,4,72.7,0
SHOP000153,5,76.8,0
SHOP000153,6,81.7,0
SHOP000153,7,92.8,0
SHOP000153,8,92.1,0
SHOP000153,9,96.8,0
SHOP000153,10,103.2,0
SHOP000153,11,100.4,0
SHOP000153,12,113.8,0
SHOP000154,1,55.8,0
SHOP000154,2,55.9,0
SHOP000154,3,61.0,0
SHOP000154,4,62.1,0
SHOP000154,5,65.8,0
SHOP000154,6,71.9,0
SHOP000154,7,74.3,0
SHOP000154,8,78.9,0
SHOP000154,9,84.0,0
SHOP000154,10,89.1,0
SHOP000154,11,91.6,0
SHOP000154,12,91.7,0
SHOP000155,1,51.6,1
SHOP000155,2,49.5,1
SHOP000155,3,45.6,1
SHOP000155,4,41.3,1
SHOP000155,5,38.8,1
SHOP000155,6,32.3,1
SHOP000155,7,35.8,1
SHOP000155,8,31.1,1
SHOP000155,9,22.2,1
SHOP000155,10,20.6,1
SHOP000155,11,19.1,1
SHOP000155,12,15.8,1
SHOP000156,1,60.3,0
SHOP000156,2,60.8,0
SHOP000156,3,60.5,0
SHOP000156,4,62.3,0
SHOP000156,5,62.5,0
SHOP000156,6,62.8,0
SHOP000156,7,69.9,0
SHOP000156,8,76.5,0
SHOP000156,9,76.8,0
SHOP000156,10,76.6,0
SHOP000156,11,80.9,0
SHOP000156,12,80.1,0
SHOP000157,1,47.7,0
SHOP000157,2,42.5,0
SHOP000157,3,49.3,0
SHOP000157,4,47.8,0
SHOP000157,5,50.7,0
SHOP000157,6,50.3,0
SHOP000157,7,56.5,0
SHOP000157,8,53.4,0
SHOP000157,9,53.3,0
SHOP000157,10,58.0,0
SHOP000157,11,60.0,0
SHOP000157,12,58.7,0
SHOP000158,1,53.1,0
SHOP000158,2,51.5,0
SHOP000158,3,53.1,0
SHOP000158,4,56.9,0
SHOP000158,5,58.1,0
SHOP000158,6,63.7,0
SHOP000158,7,59.1,0
SHOP000158,8,57.0,0
SHOP000158,9,64.3,0
SHOP000158,10,67.7,0
SHOP000158,11,64.7,0
SHOP000158,12,60.0,0
SHOP000159,1,56.8,0
SHOP000159,2,56.8,0
SHOP000159,3,60.7,0
SHOP000159,4,62.2,0
SHOP000159,5,58.6,0
SHOP000159,6,69.1,0
SHOP000159,7,71.0,0
SHOP000159,8,70.0,0
SHOP000159,9,80.5,0
SHOP000159,10,83.7,0
SHOP000159,11,85.5,0
SHOP000159,12,90.0,0
SHOP000160,1,58.1,1
SHOP000160,2,50.4,1
SHOP000160,3,51.6,1
SHOP000160,4,39.8,1
SHOP000160,5,42.5,1
SHOP000160,6,36.1,1
SHOP000160,7,30.9,1
SHOP000160,8,30.9,1
SHOP000160,9,27.8,1
SHOP000160,10,22.8,1
SHOP000160,11,15.6,1
SHOP000160,12,17.3,1
SHOP000161,1,56.2,0
SHOP000161,2,56.7,0
SHOP000161,3,65.9,0
SHOP000161,4,67.5,0
SHOP000161,5,74.3,0
SHOP000161,6,81.0,0
SHOP000161,7,84.3,0
SHOP000161,8,88.3,0
SHOP000161,9,94.4,0
SHOP000161,10,91.4,0
SHOP000161,11,95.7,0
SHOP000161,12,104.6,0
SHOP000162,1,61.8,0
SHOP000162,2,67.1,0
SHOP000162,3,73.9,0
SHOP000162,4,68.9,0
SHOP000162,5,72.1,0
SHOP000162,6,74.7,0
SHOP000162,7,73.4,0
SHOP000162,8,85.9,0
SHOP000162,9,86.6,0
SHOP000162,10,84.0,0
SHOP000162,11,90.2,0
SHOP000162,12,93.3,0
SHOP000163,1,61.5,0
SHOP000163,2,58.7,0
SHOP000163,3,64.1,0
SHOP000163,4,59.0,0
SHOP000163,5,58.7,0
SHOP000163,6,69.5,0
SHOP000163,7,63.7,0
SHOP000163,8,70.9,0
SHOP000163,9,69.6,0
SHOP000163,10,75.5,0
SHOP000163,11,72.2,0
SHOP000163,12,79.7,0
SHOP000164,1,81.0,0
SHOP000164,2,84.5,0
SHOP000164,3,81.8,0
SHOP000164,4,88.5,0
SHOP000164,5,88.9,0
SHOP000164,6,91.5,0
SHOP000164,7,98.0,0
SHOP000164,8,99.9,0
SHOP000164,9,104.1,0
SHOP000164,10,104.4,0
SHOP000164,11,110.2,0
SHOP000164,12,114.8,0
SHOP000165,1,48.3,1
SHOP000165,2,53.6,1
SHOP000165,3,43.0,1
SHOP000165,4,46.4,1
SHOP000165,5,47.1,1
SHOP000165,6,43.5,1
SHOP000165,7,38.5,1
SHOP000165,8,42.0,1
SHOP000165,9,41.8,1
SHOP000165,10,35.3,1
SHOP000165,11,36.9,1
SHOP000165,12,37.6,1
SHOP000166,1,57.7,0
SHOP000166,2,59.3,0
SHOP000166,3,59.2,0
SHOP000166,4,54.6,0
SHOP000166,5,69.0,0
SHOP000166,6,64.6,0
SHOP000166,7,68.9,0
SHOP000166,8,69.1,0
SHOP000166,9,70.6,0
SHOP000166,10,69.8,0
SHOP000166,11,73.0,0
SHOP000166,12,76.3,0
SHOP000167,1,49.5,0
SHOP000167,2,54.7,0
SHOP000167,3,53.1,0
SHOP000167,4,55.9,0
SHOP000167,5,62.9,0
SHOP000167,6,52.1,0
SHOP000167,7,62.1,0
SHOP000167,8,65.8,0
SHOP000167,9,65.5,0
SHOP000167,10,60.8,0
SHOP000167,11,66.4,0
SHOP000167,12,70.9,0
SHOP000168,1,53.1,0
SHOP000168,2,54.7,0
SHOP000168,3,59.3,0
SHOP000168,4,61.5,0
SHOP000168,5,68.5,0
SHOP000168,6,74.6,0
SHOP000168,7,75.1,0
SHOP000168,8,80.9,0
SHOP000168,9,81.8,0
SHOP000168,10,87.2,0
SHOP000168,11,90.9,0
SHOP000168,12,89.2,0
SHOP000169,1,64.8,0
SHOP000169,2,69.7,0
SHOP000169,3,74.8,0
SHOP000169,4,76.4,0
SHOP000169,5,81.9,0
SHOP000169,6,88.0,0
SHOP000169,7,89.3,0
SHOP000169,8,95.9,0
SHOP000169,9,105.7,0
SHOP000169,10,106.7,0
SHOP000169,11,110.1,0
SHOP000169,12,115.8,0
SHOP000170,1,60.6,1
SHOP000170,2,64.9,1
SHOP000170,3,62.9,1
SHOP000170,4,55.4,1
SHOP000170,5,61.3,1
SHOP000170,6,56.0,1
SHOP000170,7,51.1,1
SHOP000170,8,52.2,1
SHOP000170,9,46.8,1
SHOP000170,10,50.4,1
SHOP000170,11,45.2,1
SHOP000170,12,42.6,1
SHOP000171,1,52.1,0
SHOP000171,2,51.9,0
SHOP000171,3,51.3,0
SHOP000171,4,59.1,0
SHOP000171,5,63.3,0
SHOP000171,6,68.3,0
SHOP000171,7,70.2,0
SHOP000171,8,75.2,0
SHOP000171,9,80.7,0
SHOP000171,10,79.1,0
SHOP000171,11,83.2,0
SHOP000171,12,86.3,0
SHOP000172,1,54.3,0
SHOP000172,2,61.5,0
SHOP000172,3,61.9,0
SHOP000172,4,63.5,0
SHOP000172,5,63.3,0
SHOP000172,6,74.2,0
SHOP000172,7,73.3,0
SHOP000172,8,78.0,0
SHOP000172,9,89.0,0
SHOP000172,10,83.8,0
SHOP000172,11,90.2,0
SHOP000172,12,91.1,0
SHOP000173,1,69.9,0
SHOP000173,2,67.1,0
SHOP000173,3,75.9,0
SHOP000173,4,79.0,0
SHOP000173,5,83.5,0
SHOP000173,6,81.0,0
SHOP000173,7,90.2,0
SHOP000173,8,94.4,0
SHOP000173,9,99.7,0
SHOP000173,10,104.2,0
SHOP000173,11,101.8,0
SHOP000173,12,104.1,0
SHOP000174,1,76.0,0
SHOP000174,2,79.0,0
SHOP000174,3,79.7,0
SHOP000174,4,83.2,0
SHOP000174,5,81.3,0
SHOP000174,6,84.9,0
SHOP000174,7,89.5,0
SHOP000174,8,88.0,0
SHOP000174,9,89.9,0
SHOP000174,10,93.4,0
SHOP000174,11,91.6,0
SHOP000174,12,101.5,0
SHOP000175,1,54.6,1
SHOP000175,2,57.4,1
SHOP000175,3,54.1,1
SHOP000175,4,51.6,1
SHOP000175,5,52.8,1
SHOP000175,6,43.9,1
SHOP000175,7,50.0,1
SHOP000175,8,45.6,1
SHOP000175,9,41.2,1
SHOP000175,10,40.0,1
SHOP000175,11,45.0,1
SHOP000175,12,42.1,1
SHOP000176,1,52.1,0
SHOP000176,2,55.0,0
SHOP000176,3,51.1,0
SHOP000176,4,53.6,0
SHOP000176,5,53.5,0
SHOP000176,6,60.7,0
SHOP000176,7,58.5,0
SHOP000176,8,58.2,0
SHOP000176,9,57.0,0
SHOP000176,10,67.0,0
SHOP000176,11,60.5,0
SHOP000176,12,66.1,0
SHOP000177,1,67.4,0
SHOP000177,2,68.4,0
SHOP000177,3,68.6,0
SHOP000177,4,71.9,0
SHOP000177,5,76.8,0
SHOP000177,6,83.6,0
SHOP000177,7,81.9,0
SHOP000177,8,86.1,0
SHOP000177,9,91.4,0
SHOP000177,10,94.8,0
SHOP000177,11,90.8,0
SHOP000177,12,105.4,0
SHOP000178,1,67.0,0
SHOP000178,2,72.8,0
SHOP000178,3,69.4,0
SHOP000178,4,73.7,0
SHOP000178,5,75.7,0
SHOP000178,6,76.1,0
SHOP000178,7,82.0,0
SHOP000178,8,85.4,0
SHOP000178,9,85.3,0
SHOP000178,10,91.6,0
SHOP000178,11,94.9,0
SHOP000178,12,96.6,0
SHOP000179,1,63.8,0
SHOP000179,2,54.0,0
SHOP000179,3,72.9,0
SHOP000179,4,68.3,0
SHOP000179,5,68.8,0
SHOP000179,6,74.3,0
SHOP000179,7,74.0,0
SHOP000179,8,75.8,0
SHOP000179,9,78.5,0
SHOP000179,10,82.4,0
SHOP000179,11,79.2,0
SHOP000179,12,86.9,0
SHOP000180,1,46.7,1
SHOP000180,2,43.9,1
SHOP000180,3,44.9,1
SHOP000180,4,40.0,1
SHOP000180,5,39.4,1
SHOP000180,6,41.5,1
SHOP000180,7,39.3,1
SHOP000180,8,33.4,1
SHOP000180,9,32.4,1
SHOP000180,10,32.3,1
SHOP000180,11,26.7,1
SHOP000180,12,21.9,1
SHOP000181,1,56.1,0
SHOP000181,2,56.4,0
SHOP000181,3,55.7,0
SHOP000181,4,64.8,0
SHOP000181,5,69.3,0
SHOP000181,6,73.6,0
SHOP000181,7,81.8,0
SHOP000181,8,84.0,0
SHOP000181,9,88.9,0
SHOP000181,10,87.3,0
SHOP000181,11,92.7,0
SHOP000181,12,98.0,0
SHOP000182,1,67.2,0
SHOP000182,2,71.3,0
SHOP000182,3,72.6,0
SHOP000182,4,80.2,0
SHOP000182,5,77.1,0
SHOP000182,6,83.0,0
SHOP000182,7,81.7,0
SHOP000182,8,87.4,0
SHOP000182,9,93.1,0
SHOP000182,10,98.6,0
SHOP000182,11,97.7,0
SHOP000182,12,104.1,0
SHOP000183,1,76.8,0
SHOP000183,2,80.6,0
SHOP000183,3,78.8,0
SHOP000183,4,84.9,0
SHOP000183,5,80.3,0
SHOP000183,6,83.2,0
SHOP000183,7,88.6,0
SHOP000183,8,96.4,0
SHOP000183,9,100.8,0
SHOP000183,10,96.5,0
SHOP000183,11,104.4,0
SHOP000183,12,107.9,0
SHOP000184,1,50.9,0
SHOP000184,2,50.7,0
SHOP000184,3,56.6,0
SHOP000184,4,58.9,0
SHOP000184,5,61.1,0
SHOP000184,6,61.9,0
SHOP000184,7,66.1,0
SHOP000184,8,64.9,0
SHOP000184,9,74.6,0
SHOP000184,10,79.2,0
SHOP000184,11,72.9,0
SHOP000184,12,76.1,0
SHOP000185,1,52.6,1
SHOP000185,2,43.2,1
SHOP000185,3,50.1,1
SHOP000185,4,45.1,1
SHOP000185,5,37.5,1
SHOP000185,6,30.0,1
SHOP000185,7,31.2,1
SHOP000185,8,22.4,1
SHOP000185,9,16.9,1
SHOP000185,10,9.9,1
SHOP000185,11,9.3,1
SHOP000185,12,12.7,1
SHOP000186,1,70.5,0
SHOP000186,2,70.0,0
SHOP000186,3,76.4,0
SHOP000186,4,80.5,0
SHOP000186,5,85.3,0
SHOP000186,6,86.8,0
SHOP000186,7,95.6,0
SHOP000186,8,95.1,0
SHOP000186,9,99.3,0
SHOP000186,10,106.7,0
SHOP000186,11,110.0,0
SHOP000186,12,115.8,0
SHOP000187,1,47.7,0
SHOP000187,2,56.0,0
SHOP000187,3,57.7,0
SHOP000187,4,64.5,0
SHOP000187,5,73.0,0
SHOP000187,6,66.2,0
SHOP000187,7,81.1,0
SHOP000187,8,84.9,0
SHOP000187,9,83.9,0
SHOP000187,10,86.8,0
SHOP000187,11,94.3,0
SHOP000187,12,91.8,0
SHOP000188,1,68.3,0
SHOP000188,2,74.0,0
SHOP000188,3,82.6,0
SHOP000188,4,83.4,0
SHOP000188,5,88.8,0
SHOP000188,6,98.2,0
SHOP000188,7,100.9,0
SHOP000188,8,108.1,0
SHOP000188,9,115.5,0
SHOP000188,10,113.5,0
SHOP000188,11,121.8,0
SHOP000188,12,122.7,0
SHOP000189,1,66.6,0
SHOP000189,2,73.3,0
SHOP000189,3,67.7,0
SHOP000189,4,76.3,0
SHOP000189,5,74.9,0
SHOP000189,6,82.8,0
SHOP000189,7,78.8,0
SHOP000189,8,86.1,0
SHOP000189,9,89.2,0
SHOP000189,10,97.2,0
SHOP000189,11,97.9,0
SHOP000189,12,96.1,0
SHOP000190,1,46.7,1
SHOP000190,2,46.8,1
SHOP000190,3,43.2,1
SHOP000190,4,45.8,1
SHOP000190,5,44.9,1
SHOP000190,6,46.8,1
SHOP000190,7,36.6,1
SHOP000190,8,35.1,1
SHOP000190,9,36.0,1
SHOP000190,10,32.8,1
SHOP000190,11,27.7,1
SHOP000190,12,33.7,1
SHOP000191,1,64.0,0
SHOP000191,2,70.7,0
SHOP000191,3,62.4,0
SHOP000191,4,71.1,0
SHOP000191,5,72.9,0
SHOP000191,6,72.3,0
SHOP000191,7,76.8,0
SHOP000191,8,78.9,0
SHOP000191,9,74.9,0
SHOP000191,10,84.1,0
SHOP000191,11,82.1,0
SHOP000191,12,89.0,0
SHOP000192,1,44.0,0
SHOP000192,2,47.2,0
SHOP000192,3,58.3,0
SHOP000192,4,53.1,0
SHOP000192,5,57.1,0
SHOP000192,6,59.4,0
SHOP000192,7,61.0,0
SHOP000192,8,63.3,0
SHOP000192,9,70.0,0
SHOP000192,10,68.3,0
SHOP000192,11,74.5,0
SHOP000192,12,78.0,0
SHOP000193,1,54.1,0
SHOP000193,2,59.5,0
SHOP000193,3,58.4,0
SHOP000193,4,64.2,0
SHOP000193,5,71.1,0
SHOP000193,6,78.1,0
SHOP000193,7,78.9,0
SHOP000193,8,82.2,0
SHOP000193,9,86.6,0
SHOP000193,10,85.4,0
SHOP000193,11,90.4,0
SHOP000193,12,93.5,0
SHOP000194,1,43.8,0
SHOP000194,2,48.0,0
SHOP000194,3,47.3,0
SHOP000194,4,44.7,0
SHOP000194,5,52.9,0
SHOP000194,6,50.2,0
SHOP000194,7,49.5,0
SHOP000194,8,57.2,0
SHOP000194,9,59.2,0
SHOP000194,10,64.4,0
SHOP000194,11,59.6,0
SHOP000194,12,66.5,0
SHOP000195,1,56.4,1
SHOP000195,2,50.7,1
SHOP000195,3,50.1,1
SHOP000195,4,49.2,1
SHOP000195,5,47.0,1
SHOP000195,6,39.5,1
SHOP000195,7,44.0,1
SHOP000195,8,36.8,1
SHOP000195,9,33.2,1
SHOP000195,10,33.2,1
SHOP000195,11,36.6,1
SHOP000195,12,27.1,1
SHOP000196,1,71.8,0
SHOP000196,2,63.7,0
SHOP000196,3,66.8,0
SHOP000196,4,69.3,0
SHOP000196,5,76.0,0
SHOP000196,6,80.7,0
SHOP000196,7,78.4,0
SHOP000196,8,79.2,0
SHOP000196,9,86.8,0
SHOP000196,10,94.8,0
SHOP000196,11,88.4,0
SHOP000196,12,94.4,0
SHOP000197,1,66.0,0
SHOP000197,2,64.6,0
SHOP000197,3,72.6,0
SHOP000197,4,75.6,0
SHOP000197,5,80.2,0
SHOP000197,6,83.2,0
SHOP000197,7,83.3,0
SHOP000197,8,88.5,0
SHOP000197,9,85.7,0
SHOP000197,10,91.1,0
SHOP000197,11,97.6,0
SHOP000197,12,92.9,0
SHOP000198,1,49.0,0
SHOP000198,2,51.1,0
SHOP000198,3,49.1,0
SHOP000198,4,55.3,0
SHOP000198,5,61.2,0
SHOP000198,6,63.7,0
SHOP000198,7,57.0,0
SHOP000198,8,63.6,0
SHOP000198,9,70.3,0
SHOP000198,10,73.4,0
SHOP000198,11,71.3,0
SHOP000198,12,74.0,0
SHOP000199,1,64.8,0
SHOP000199,2,66.6,0
SHOP000199,3,74.8,0
SHOP000199,4,83.0,0
SHOP000199,5,78.3,0
SHOP000199,6,87.3,0
SHOP000199,7,96.3,0
SHOP000199,8,97.5,0
SHOP000199,9,103.9,0
SHOP000199,10,110.2,0
SHOP000199,11,114.3,0
SHOP000199,12,118.3,0
